{
    "objective": "reg:squarederror",
    "eval_metric": "mae",
    "tree_method": "exact",
    "max_depth": 18,
    "learning_rate": 0.34711747445481395,
    "n_estimators": 103,
    "min_child_weight": 5,
    "gamma": 0.7600792194559985,
    "subsample": 0.95,
    "colsample_bytree": 0.49570889512001964,
    "colsample_bynode": 0.93,
    "colsample_bylevel": 0.11,
    "reg_alpha": 0.7815159220248223,
    "reg_lambda": 0.7306912282892307,
    "random_state": 247
}