{
    "max_depth": 10,
    "learning_rate": 0.11021760885300069,
    "n_estimators": 893,
    "min_child_weight": 9,
    "gamma": 0.5712756907070591,
    "subsample": 0.9060841008950413,
    "colsample_bytree": 0.5914831921694157,
    "reg_alpha": 0.5631538485206797,
    "reg_lambda": 0.30127759356531814,
    "random_state": 547
}