{
    "max_depth": 9,
    "learning_rate": 0.03289229394111691,
    "n_estimators": 662,
    "min_child_weight": 2,
    "gamma": 0.4634862751453215,
    "subsample": 0.8666998906763,
    "colsample_bytree": 0.5198277181210129,
    "reg_alpha": 0.8126313161368788,
    "reg_lambda": 0.6096109611961057,
    "random_state": 881
}